id,Pred
2018_1104_1112,0.5000056121155116
2018_1104_1113,0.5000021550523566
2018_1104_1116,0.49999613195730885
2018_1104_1120,0.5000096528386793
2018_1104_1137,0.49999127716903385
2018_1104_1138,0.5000028220923717
2018_1104_1139,0.5000080814463363
2018_1104_1153,0.4999956898952869
2018_1104_1155,0.5000028734031421
2018_1104_1158,0.5000110515505447
2018_1104_1166,0.5000112883694848
2018_1104_1168,0.49999856329842896
2018_1104_1172,0.5000151366772617
2018_1104_1181,0.5000215505235523
2018_1104_1196,0.500000513107704
2018_1104_1199,0.49999401374345426
2018_1104_1209,0.5000035917539276
2018_1104_1211,0.49999856329842896
2018_1104_1222,0.5000096528386793
2018_1104_1233,0.49999696082359973
2018_1104_1242,0.500005746806284
2018_1104_1243,0.500001056398214
2018_1104_1246,0.5000143670157065
2018_1104_1252,0.500000513107704
2018_1104_1254,0.5000035917539276
2018_1104_1260,0.5000129303141365
2018_1104_1267,0.500000513107704
2018_1104_1274,0.5000174456619271
2018_1104_1276,0.5000030246348863
2018_1104_1277,0.5000109997464015
2018_1104_1281,0.5000079018586401
2018_1104_1285,0.4999991020615181
2018_1104_1293,0.5000053876308912
2018_1104_1300,0.5000188038882003
2018_1104_1301,0.499999743446148
2018_1104_1305,0.5000020524308157
2018_1104_1308,0.4999928164921453
2018_1104_1314,0.499999054801598
2018_1104_1326,0.4999911587595638
2018_1104_1328,0.500005746806284
2018_1104_1335,0.49999580962041784
2018_1104_1344,0.5000044206202184
2018_1104_1345,0.49999364535843605
2018_1104_1347,0.5000118316599946
2018_1104_1348,0.5000020524308157
2018_1104_1355,0.5000044896924094
2018_1104_1361,0.5000027628876366
2018_1104_1371,0.500006285569373
2018_1104_1372,0.500004310104713
2018_1104_1382,0.5000069072190911
2018_1104_1393,0.5000066704001509
2018_1104_1395,0.49999696082359973
2018_1104_1397,0.5000056121155116
2018_1104_1400,0.5000066704001509
2018_1104_1401,0.4999968572153134
2018_1104_1403,0.5000049386616503
2018_1104_1411,0.5000137331767786
2018_1104_1417,0.4999966647999244
2018_1104_1420,0.4999941633998679
2018_1104_1422,0.5000011051550547
2018_1104_1437,0.5000107752617812
2018_1104_1438,0.5000035917539276
2018_1104_1439,0.500016522068061
2018_1104_1452,0.49999551030759054
2018_1104_1455,0.5000137683900524
2018_1104_1460,0.49999743446148026
2018_1104_1462,0.5000011051550547
2018_1112_1113,0.49999654293684476
2018_1112_1116,0.499990519841798
2018_1112_1120,0.5000040407231685
2018_1112_1137,0.499985665053525
2018_1112_1138,0.4999972099768598
2018_1112_1139,0.5000024693308251
2018_1112_1153,0.4999900777797762
2018_1112_1155,0.4999972612876303
2018_1112_1158,0.5000054394350344
2018_1112_1166,0.5000056762539746
2018_1112_1168,0.49999295118291753
2018_1112_1172,0.5000095245617533
2018_1112_1181,0.5000159384080484
2018_1112_1196,0.49999490099219224
2018_1112_1199,0.49998840162794417
2018_1112_1209,0.4999979796384158
2018_1112_1211,0.49999295118291753
2018_1112_1222,0.5000040407231685
2018_1112_1233,0.49999134870808876
2018_1112_1242,0.5000001346907723
2018_1112_1243,0.4999954442827022
2018_1112_1246,0.5000087549001976
2018_1112_1252,0.49999490099219224
2018_1112_1254,0.4999979796384158
2018_1112_1260,0.500007318198627
2018_1112_1267,0.49999490099219224
2018_1112_1274,0.50001183354642
2018_1112_1276,0.49999741251937446
2018_1112_1277,0.5000053876308912
2018_1112_1281,0.5000022897431289
2018_1112_1285,0.4999934899460066
2018_1112_1293,0.49999977551537955
2018_1112_1300,0.5000131917726943
2018_1112_1301,0.4999941313306364
2018_1112_1305,0.49999644031530394
2018_1112_1308,0.49998720437663563
2018_1112_1314,0.4999934426860865
2018_1112_1326,0.499985546644055
2018_1112_1328,0.5000001346907723
2018_1112_1335,0.49999019750490725
2018_1112_1344,0.49999880850470674
2018_1112_1345,0.4999880332429261
2018_1112_1347,0.5000062195444847
2018_1112_1348,0.49999644031530394
2018_1112_1355,0.49999887757689765
2018_1112_1361,0.49999715077212475
2018_1112_1371,0.5000006734538615
2018_1112_1372,0.4999986979892012
2018_1112_1382,0.5000012951035796
2018_1112_1393,0.5000010582846394
2018_1112_1395,0.49999134870808876
2018_1112_1397,0.5
2018_1112_1400,0.5000010582846394
2018_1112_1401,0.4999912450998024
2018_1112_1403,0.4999993265461386
2018_1112_1411,0.5000081210612695
2018_1112_1417,0.4999910526844134
2018_1112_1420,0.4999885512843577
2018_1112_1422,0.49999549303954294
2018_1112_1437,0.5000051631462707
2018_1112_1438,0.4999979796384158
2018_1112_1439,0.5000109099525534
2018_1112_1452,0.49998989819208006
2018_1112_1455,0.5000081562745432
2018_1112_1460,0.49999182234596906
2018_1112_1462,0.49999549303954294
2018_1113_1116,0.49999397690495245
2018_1113_1120,0.5000074977863234
2018_1113_1137,0.4999891221166782
2018_1113_1138,0.5000006670400151
2018_1113_1139,0.5000059263939803
2018_1113_1153,0.49999353484293063
2018_1113_1155,0.5000007183507855
2018_1113_1158,0.5000088964981889
2018_1113_1166,0.5000091333171292
2018_1113_1168,0.4999964082460724
2018_1113_1172,0.5000129816249068
2018_1113_1181,0.5000193954711993
2018_1113_1196,0.49999835805534737
2018_1113_1199,0.4999918586910981
2018_1113_1209,0.500001436701571
2018_1113_1211,0.4999964082460724
2018_1113_1222,0.5000074977863234
2018_1113_1233,0.4999948057712433
2018_1113_1242,0.5000035917539276
2018_1113_1243,0.49999890134585745
2018_1113_1246,0.5000122119633514
2018_1113_1252,0.49999835805534737
2018_1113_1254,0.500001436701571
2018_1113_1260,0.5000107752617812
2018_1113_1267,0.49999835805534737
2018_1113_1274,0.5000152906095727
2018_1113_1276,0.5000008695825299
2018_1113_1277,0.5000088446940458
2018_1113_1281,0.500005746806284
2018_1113_1285,0.49999694700916153
2018_1113_1293,0.5000032325785347
2018_1113_1300,0.5000166488358465
2018_1113_1301,0.49999758839379144
2018_1113_1305,0.4999998973784591
2018_1113_1308,0.49999066143978926
2018_1113_1314,0.4999968997492415
2018_1113_1326,0.499989003707208
2018_1113_1328,0.5000035917539276
2018_1113_1335,0.49999365456806155
2018_1113_1344,0.500002265567862
2018_1113_1345,0.49999149030608003
2018_1113_1347,0.5000096766076391
2018_1113_1348,0.4999998973784591
2018_1113_1355,0.500002334640053
2018_1113_1361,0.5000006078352801
2018_1113_1371,0.5000041305170166
2018_1113_1372,0.5000021550523566
2018_1113_1382,0.5000047521667349
2018_1113_1393,0.5000045153477946
2018_1113_1395,0.4999948057712433
2018_1113_1397,0.5000034570631553
2018_1113_1400,0.5000045153477946
2018_1113_1401,0.49999470216295705
2018_1113_1403,0.5000027836092938
2018_1113_1411,0.5000115781244234
2018_1113_1417,0.49999450974756793
2018_1113_1420,0.4999920083475117
2018_1113_1422,0.4999989501026981
2018_1113_1437,0.5000086202094254
2018_1113_1438,0.500001436701571
2018_1113_1439,0.5000143670157065
2018_1113_1452,0.4999933552552343
2018_1113_1455,0.5000116133376972
2018_1113_1460,0.49999527940912386
2018_1113_1462,0.4999989501026981
2018_1116_1120,0.5000135208813684
2018_1116_1137,0.4999951452117244
2018_1116_1138,0.5000066901350626
2018_1116_1139,0.5000119494890262
2018_1116_1153,0.4999995579379782
2018_1116_1155,0.5000067414458329
2018_1116_1158,0.5000149195932333
2018_1116_1166,0.5000151564121734
2018_1116_1168,0.5000024313411202
2018_1116_1172,0.5000190047199484
2018_1116_1181,0.500025418566235
2018_1116_1196,0.5000043811503951
2018_1116_1199,0.49999788178614524
2018_1116_1209,0.5000074597966183
2018_1116_1211,0.5000024313411202
2018_1116_1222,0.5000135208813684
2018_1116_1233,0.5000008288662909
2018_1116_1242,0.5000096148489742
2018_1116_1243,0.500004924440905
2018_1116_1246,0.5000182350583936
2018_1116_1252,0.5000043811503951
2018_1116_1254,0.5000074597966183
2018_1116_1260,0.5000167983568243
2018_1116_1267,0.5000043811503951
2018_1116_1274,0.5000213137046124
2018_1116_1276,0.5000068926775773
2018_1116_1277,0.5000148677890902
2018_1116_1281,0.5000117699013298
2018_1116_1285,0.5000029701042094
2018_1116_1293,0.5000092556735817
2018_1116_1300,0.500022671930885
2018_1116_1301,0.5000036114888392
2018_1116_1305,0.5000059204735068
2018_1116_1308,0.49999668453483614
2018_1116_1314,0.5000029228442892
2018_1116_1326,0.49999502680225427
2018_1116_1328,0.5000096148489742
2018_1116_1335,0.499999677663109
2018_1116_1344,0.500008288662909
2018_1116_1345,0.499997513401127
2018_1116_1347,0.5000156997026829
2018_1116_1348,0.5000059204735068
2018_1116_1355,0.5000083577351
2018_1116_1361,0.5000066309303275
2018_1116_1371,0.5000101536120632
2018_1116_1372,0.5000081781474037
2018_1116_1382,0.5000107752617812
2018_1116_1393,0.5000105384428409
2018_1116_1395,0.5000008288662909
2018_1116_1397,0.500009480158202
2018_1116_1400,0.5000105384428409
2018_1116_1401,0.5000007252580047
2018_1116_1403,0.5000088067043408
2018_1116_1411,0.500017601219466
2018_1116_1417,0.5000005328426157
2018_1116_1420,0.49999803144255894
2018_1116_1422,0.5000049731977457
2018_1116_1437,0.5000146433044699
2018_1116_1438,0.5000074597966183
2018_1116_1439,0.500020390110747
2018_1116_1452,0.4999993783502818
2018_1116_1455,0.5000176364327398
2018_1116_1460,0.5000013025041715
2018_1116_1462,0.5000049731977457
2018_1120_1137,0.4999816243303607
2018_1120_1138,0.49999316925369164
2018_1120_1139,0.4999984286076567
2018_1120_1153,0.49998603705661
2018_1120_1155,0.499993220564462
2018_1120_1158,0.500001398711866
2018_1120_1166,0.5000016355308063
2018_1120_1168,0.49998891045975036
2018_1120_1172,0.5000054838385857
2018_1120_1181,0.500011897684883
2018_1120_1196,0.49999086026902445
2018_1120_1199,0.4999843609047786
2018_1120_1209,0.4999939389152475
2018_1120_1211,0.49998891045975036
2018_1120_1222,0.5
2018_1120_1233,0.4999873079849219
2018_1120_1242,0.49999609396760375
2018_1120_1243,0.4999914035595344
2018_1120_1246,0.5000047141770299
2018_1120_1252,0.49999086026902445
2018_1120_1254,0.4999939389152475
2018_1120_1260,0.5000032774754589
2018_1120_1267,0.49999086026902445
2018_1120_1274,0.500007792823253
2018_1120_1276,0.49999337179620634
2018_1120_1277,0.5000013469077228
2018_1120_1281,0.49999824901996026
2018_1120_1285,0.4999894492228392
2018_1120_1293,0.4999957347922111
2018_1120_1300,0.5000091510495278
2018_1120_1301,0.4999900906074688
2018_1120_1305,0.4999923995921359
2018_1120_1308,0.4999831636534707
2018_1120_1314,0.4999894019629191
2018_1120_1326,0.49998150592089075
2018_1120_1328,0.49999609396760375
2018_1120_1335,0.4999861567817409
2018_1120_1344,0.49999476778153834
2018_1120_1345,0.4999839925197608
2018_1120_1347,0.5000021788213164
2018_1120_1348,0.4999923995921359
2018_1120_1355,0.49999483685372925
2018_1120_1361,0.49999311004895663
2018_1120_1371,0.4999966327306929
2018_1120_1372,0.49999465726603287
2018_1120_1382,0.4999972543804111
2018_1120_1393,0.49999701756147086
2018_1120_1395,0.4999873079849219
2018_1120_1397,0.49999595927683155
2018_1120_1400,0.49999701756147086
2018_1120_1401,0.49998720437663563
2018_1120_1403,0.49999528582297015
2018_1120_1411,0.5000040803381015
2018_1120_1417,0.4999870119612469
2018_1120_1420,0.49998451056119214
2018_1120_1422,0.49999145231637504
2018_1120_1437,0.5000011224231024
2018_1120_1438,0.4999939389152475
2018_1120_1439,0.5000068692293861
2018_1120_1452,0.4999858574689138
2018_1120_1455,0.5000041155513752
2018_1120_1460,0.4999877816228023
2018_1120_1462,0.49999145231637504
2018_1137_1138,0.5000115449233367
2018_1137_1139,0.5000168042772979
2018_1137_1153,0.5000044127262538
2018_1137_1155,0.5000115962341071
2018_1137_1158,0.5000197743815032
2018_1137_1166,0.5000200112004431
2018_1137_1168,0.5000072861293955
2018_1137_1172,0.5000238595082153
2018_1137_1181,0.5000302733544957
2018_1137_1196,0.50000923593867
2018_1137_1199,0.500002736574421
2018_1137_1209,0.5000123145848921
2018_1137_1211,0.5000072861293955
2018_1137_1222,0.5000183756696392
2018_1137_1233,0.5000056836545665
2018_1137_1242,0.5000144696372472
2018_1137_1243,0.5000097792291798
2018_1137_1246,0.5000230898466611
2018_1137_1252,0.50000923593867
2018_1137_1254,0.5000123145848921
2018_1137_1260,0.500021653145093
2018_1137_1267,0.50000923593867
2018_1137_1274,0.5000261684928773
2018_1137_1276,0.5000117474658513
2018_1137_1277,0.50001972257736
2018_1137_1281,0.5000166246896016
2018_1137_1285,0.5000078248924845
2018_1137_1293,0.5000141104618547
2018_1137_1300,0.5000275267191484
2018_1137_1301,0.5000084662771143
2018_1137_1305,0.5000107752617812
2018_1137_1308,0.5000015393231119
2018_1137_1314,0.5000077776325644
2018_1137_1326,0.4999998815905298
2018_1137_1328,0.5000144696372472
2018_1137_1335,0.5000045324513848
2018_1137_1344,0.5000131434511826
2018_1137_1345,0.5000023681894028
2018_1137_1347,0.5000205544909523
2018_1137_1348,0.5000107752617812
2018_1137_1355,0.5000132125233735
2018_1137_1361,0.5000114857186017
2018_1137_1371,0.5000150084003359
2018_1137_1372,0.5000130329356772
2018_1137_1382,0.5000156300500535
2018_1137_1393,0.5000153932311134
2018_1137_1395,0.5000056836545665
2018_1137_1397,0.5000143349464751
2018_1137_1400,0.5000153932311134
2018_1137_1401,0.5000055800462802
2018_1137_1403,0.5000136614926141
2018_1137_1411,0.500022456007734
2018_1137_1417,0.5000053876308912
2018_1137_1420,0.5000028862308347
2018_1137_1422,0.5000098279860204
2018_1137_1437,0.50001949809274
2018_1137_1438,0.5000123145848921
2018_1137_1439,0.5000252448990126
2018_1137_1452,0.5000042331385575
2018_1137_1455,0.5000224912210077
2018_1137_1460,0.500006157292447
2018_1137_1462,0.5000098279860204
2018_1138_1139,0.5000052593539652
2018_1138_1153,0.4999928678029157
2018_1138_1155,0.5000000513107704
2018_1138_1158,0.500008229458174
2018_1138_1166,0.5000084662771143
2018_1138_1168,0.4999957412060574
2018_1138_1172,0.5000123145848921
2018_1138_1181,0.5000187284311852
2018_1138_1196,0.49999769101533226
2018_1138_1199,0.4999911916510832
2018_1138_1209,0.5000007696615559
2018_1138_1211,0.4999957412060574
2018_1138_1222,0.5000068307463084
2018_1138_1233,0.4999941387312283
2018_1138_1242,0.5000029247139124
2018_1138_1243,0.4999982343058424
2018_1138_1246,0.5000115449233367
2018_1138_1252,0.49999769101533226
2018_1138_1254,0.5000007696615559
2018_1138_1260,0.5000101082217664
2018_1138_1267,0.49999769101533226
2018_1138_1274,0.5000146235695583
2018_1138_1276,0.5000002025425148
2018_1138_1277,0.5000081776540309
2018_1138_1281,0.5000050797662688
2018_1138_1285,0.4999962799691465
2018_1138_1293,0.5000025655385197
2018_1138_1300,0.5000159817958321
2018_1138_1301,0.4999969213537763
2018_1138_1305,0.4999992303384441
2018_1138_1308,0.4999899943997743
2018_1138_1314,0.49999623270922633
2018_1138_1326,0.4999883366671932
2018_1138_1328,0.5000029247139124
2018_1138_1335,0.49999298752804655
2018_1138_1344,0.5000015985278469
2018_1138_1345,0.4999908232660651
2018_1138_1347,0.5000090095676242
2018_1138_1348,0.4999992303384441
2018_1138_1355,0.5000016676000378
2018_1138_1361,0.499999940795265
2018_1138_1371,0.5000034634770015
2018_1138_1372,0.5000014880123415
2018_1138_1382,0.5000040851267198
2018_1138_1393,0.5000038483077796
2018_1138_1395,0.4999941387312283
2018_1138_1397,0.5000027900231402
2018_1138_1400,0.5000038483077796
2018_1138_1401,0.4999940351229419
2018_1138_1403,0.5000021165692787
2018_1138_1411,0.5000109110844086
2018_1138_1417,0.499993842707553
2018_1138_1420,0.4999913413074968
2018_1138_1422,0.49999828306268296
2018_1138_1437,0.5000079531694105
2018_1138_1438,0.5000007696615559
2018_1138_1439,0.5000136999756919
2018_1138_1452,0.4999926882152193
2018_1138_1455,0.5000109462976824
2018_1138_1460,0.4999946123691088
2018_1138_1462,0.49999828306268296
2018_1139_1153,0.4999876084489523
2018_1139_1155,0.49999479195680513
2018_1139_1158,0.5000029701042094
2018_1139_1166,0.5000032069231496
2018_1139_1168,0.49999048185209305
2018_1139_1172,0.5000070552309288
2018_1139_1181,0.5000134690772253
2018_1139_1196,0.4999924316613674
2018_1139_1199,0.49998593229712057
2018_1139_1209,0.49999551030759054
2018_1139_1211,0.49999048185209305
2018_1139_1222,0.5000015713923432
2018_1139_1233,0.4999888793772644
2018_1139_1242,0.499997665359947
2018_1139_1243,0.4999929749518773
2018_1139_1246,0.500006285569373
2018_1139_1252,0.4999924316613674
2018_1139_1254,0.49999551030759054
2018_1139_1260,0.5000048488678022
2018_1139_1267,0.4999924316613674
2018_1139_1274,0.5000093642155959
2018_1139_1276,0.4999949431885494
2018_1139_1277,0.5000029183000662
2018_1139_1281,0.4999998204123036
2018_1139_1285,0.499991020615182
2018_1139_1293,0.49999730618455424
2018_1139_1300,0.5000107224418705
2018_1139_1301,0.49999166199981177
2018_1139_1305,0.49999397098447895
2018_1139_1308,0.4999847350458124
2018_1139_1314,0.4999909733552618
2018_1139_1326,0.4999830773132321
2018_1139_1328,0.499997665359947
2018_1139_1335,0.4999877281740832
2018_1139_1344,0.4999963391738816
2018_1139_1345,0.49998556391210264
2018_1139_1347,0.5000037502136596
2018_1139_1348,0.49999397098447895
2018_1139_1355,0.4999964082460724
2018_1139_1361,0.49999468144129966
2018_1139_1371,0.4999982041230362
2018_1139_1372,0.499996228658376
2018_1139_1382,0.4999988257727544
2018_1139_1393,0.49999858895381416
2018_1139_1395,0.4999888793772644
2018_1139_1397,0.49999753066917474
2018_1139_1400,0.49999858895381416
2018_1139_1401,0.4999887757689781
2018_1139_1403,0.4999968572153134
2018_1139_1411,0.5000056517304446
2018_1139_1417,0.4999885833535892
2018_1139_1420,0.49998608195353406
2018_1139_1422,0.49999302370871795
2018_1139_1437,0.5000026938154457
2018_1139_1438,0.49999551030759054
2018_1139_1439,0.5000084406217291
2018_1139_1452,0.4999874288612561
2018_1139_1455,0.5000056869437185
2018_1139_1460,0.4999893530151448
2018_1139_1462,0.49999302370871795
2018_1153_1155,0.5000071835078548
2018_1153_1158,0.5000153616552547
2018_1153_1166,0.5000155984741949
2018_1153_1168,0.5000028734031421
2018_1153_1172,0.5000194467819696
2018_1153_1181,0.5000258606282557
2018_1153_1196,0.5000048232124169
2018_1153_1199,0.49999832384816706
2018_1153_1209,0.5000079018586401
2018_1153_1211,0.5000028734031421
2018_1153_1222,0.50001396294339
2018_1153_1233,0.5000012709283128
2018_1153_1242,0.500010056910996
2018_1153_1243,0.5000053665029269
2018_1153_1246,0.5000186771204149
2018_1153_1252,0.5000048232124169
2018_1153_1254,0.5000079018586401
2018_1153_1260,0.5000172404188457
2018_1153_1267,0.5000048232124169
2018_1153_1274,0.5000217557666335
2018_1153_1276,0.500007334739599
2018_1153_1277,0.5000153098511116
2018_1153_1281,0.5000122119633514
2018_1153_1285,0.5000034121662312
2018_1153_1293,0.5000096977356033
2018_1153_1300,0.500023113992906
2018_1153_1301,0.5000040535508611
2018_1153_1305,0.5000063625355285
2018_1153_1308,0.4999971265968579
2018_1153_1314,0.500003364906311
2018_1153_1326,0.4999954688642761
2018_1153_1328,0.500010056910996
2018_1153_1335,0.5000001197251309
2018_1153_1344,0.5000087307249309
2018_1153_1345,0.49999795546314896
2018_1153_1347,0.5000161417647043
2018_1153_1348,0.5000063625355285
2018_1153_1355,0.5000087997971218
2018_1153_1361,0.5000070729923494
2018_1153_1371,0.5000105956740849
2018_1153_1372,0.5000086202094254
2018_1153_1382,0.5000112173238028
2018_1153_1393,0.5000109805048626
2018_1153_1395,0.5000012709283128
2018_1153_1397,0.5000099222202238
2018_1153_1400,0.5000109805048626
2018_1153_1401,0.5000011673200265
2018_1153_1403,0.5000092487663625
2018_1153_1411,0.5000180432814874
2018_1153_1417,0.5000009749046376
2018_1153_1420,0.4999984735045807
2018_1153_1422,0.5000054152597676
2018_1153_1437,0.5000150853664914
2018_1153_1438,0.5000079018586401
2018_1153_1439,0.5000208321727682
2018_1153_1452,0.4999998204123036
2018_1153_1455,0.5000180784947611
2018_1153_1460,0.5000017445661934
2018_1153_1462,0.5000054152597676
2018_1155_1158,0.5000081781474037
2018_1155_1166,0.5000084149663439
2018_1155_1168,0.4999956898952869
2018_1155_1172,0.5000122632741218
2018_1155_1181,0.5000186771204149
2018_1155_1196,0.49999763970456185
2018_1155_1199,0.49999114034031283
2018_1155_1209,0.5000007183507855
2018_1155_1211,0.4999956898952869
2018_1155_1222,0.500006779435538
2018_1155_1233,0.499994087420458
2018_1155_1242,0.5000028734031421
2018_1155_1243,0.4999981829950719
2018_1155_1246,0.5000114936125664
2018_1155_1252,0.49999763970456185
2018_1155_1254,0.5000007183507855
2018_1155_1260,0.500010056910996
2018_1155_1267,0.49999763970456185
2018_1155_1274,0.5000145722587879
2018_1155_1276,0.5000001512317443
2018_1155_1277,0.5000081263432605
2018_1155_1281,0.5000050284554985
2018_1155_1285,0.499996228658376
2018_1155_1293,0.5000025142277493
2018_1155_1300,0.5000159304850618
2018_1155_1301,0.4999968700430059
2018_1155_1305,0.4999991790276736
2018_1155_1308,0.499989943089004
2018_1155_1314,0.49999618139845603
2018_1155_1326,0.49998828535642287
2018_1155_1328,0.5000028734031421
2018_1155_1335,0.4999929362172761
2018_1155_1344,0.5000015472170765
2018_1155_1345,0.49999077195529473
2018_1155_1347,0.5000089582568538
2018_1155_1348,0.4999991790276736
2018_1155_1355,0.5000016162892674
2018_1155_1361,0.4999998894844946
2018_1155_1371,0.5000034121662312
2018_1155_1372,0.500001436701571
2018_1155_1382,0.5000040338159494
2018_1155_1393,0.5000037969970091
2018_1155_1395,0.499994087420458
2018_1155_1397,0.5000027387123698
2018_1155_1400,0.5000037969970091
2018_1155_1401,0.4999939838121716
2018_1155_1403,0.5000020652585083
2018_1155_1411,0.5000108597736382
2018_1155_1417,0.49999379139678257
2018_1155_1420,0.4999912899967264
2018_1155_1422,0.4999982317519126
2018_1155_1437,0.5000079018586401
2018_1155_1438,0.5000007183507855
2018_1155_1439,0.5000136486649216
2018_1155_1452,0.49999263690444895
2018_1155_1455,0.500010894986912
2018_1155_1460,0.49999456105833845
2018_1155_1462,0.4999982317519126
2018_1158_1166,0.5000002368189402
2018_1158_1168,0.4999875117478851
2018_1158_1172,0.5000040851267198
2018_1158_1181,0.5000104989730176
2018_1158_1196,0.49998946155715907
2018_1158_1199,0.4999829621929141
2018_1158_1209,0.49999254020338163
2018_1158_1211,0.4999875117478851
2018_1158_1222,0.49999860128813406
2018_1158_1233,0.49998590927305697
2018_1158_1242,0.4999946952557379
2018_1158_1243,0.4999900048476688
2018_1158_1246,0.500003315465164
2018_1158_1252,0.49998946155715907
2018_1158_1254,0.49999254020338163
2018_1158_1260,0.5000018787635929
2018_1158_1267,0.49998946155715907
2018_1158_1274,0.5000063941113873
2018_1158_1276,0.4999919730843406
2018_1158_1277,0.49999994819585686
2018_1158_1281,0.49999685030809427
2018_1158_1285,0.4999880505109739
2018_1158_1293,0.49999433608034516
2018_1158_1300,0.5000077523376621
2018_1158_1301,0.4999886918956035
2018_1158_1305,0.49999100088027026
2018_1158_1308,0.49998176494160634
2018_1158_1314,0.49998800325105375
2018_1158_1326,0.49998010720902686
2018_1158_1328,0.4999946952557379
2018_1158_1335,0.499984758069876
2018_1158_1344,0.4999933690696725
2018_1158_1345,0.49998259380789634
2018_1158_1347,0.5000007801094504
2018_1158_1348,0.49999100088027026
2018_1158_1355,0.49999343814186337
2018_1158_1361,0.4999917113370909
2018_1158_1371,0.499995234018827
2018_1158_1372,0.499993258554167
2018_1158_1382,0.49999585566854515
2018_1158_1393,0.49999561884960486
2018_1158_1395,0.49998590927305697
2018_1158_1397,0.4999945605649656
2018_1158_1400,0.49999561884960486
2018_1158_1401,0.4999858056647707
2018_1158_1403,0.4999938871111042
2018_1158_1411,0.5000026816262355
2018_1158_1417,0.49998561324938184
2018_1158_1420,0.4999831118493276
2018_1158_1422,0.49999005360450943
2018_1158_1437,0.49999972371123624
2018_1158_1438,0.49999254020338163
2018_1158_1439,0.5000054705175203
2018_1158_1452,0.499984458757049
2018_1158_1455,0.5000027168395093
2018_1158_1460,0.4999863829109371
2018_1158_1462,0.49999005360450943
2018_1166_1168,0.49998727492894485
2018_1166_1172,0.5000038483077796
2018_1166_1181,0.5000102621540774
2018_1166_1196,0.4999892247382189
2018_1166_1199,0.49998272537397404
2018_1166_1209,0.4999923033844415
2018_1166_1211,0.49998727492894485
2018_1166_1222,0.49999836446919366
2018_1166_1233,0.49998567245411685
2018_1166_1242,0.4999944584367976
2018_1166_1243,0.4999897680287287
2018_1166_1246,0.5000030786462236
2018_1166_1252,0.4999892247382189
2018_1166_1254,0.4999923033844415
2018_1166_1260,0.5000016419446526
2018_1166_1267,0.4999892247382189
2018_1166_1274,0.500006157292447
2018_1166_1276,0.4999917362654004
2018_1166_1277,0.4999997113769165
2018_1166_1281,0.499996613489154
2018_1166_1285,0.49998781369203377
2018_1166_1293,0.49999409926140487
2018_1166_1300,0.5000075155187219
2018_1166_1301,0.49998845507666323
2018_1166_1305,0.49999076406133003
2018_1166_1308,0.49998152812266633
2018_1166_1314,0.4999877664321136
2018_1166_1326,0.4999798703900869
2018_1166_1328,0.4999944584367976
2018_1166_1335,0.4999845212509359
2018_1166_1344,0.49999313225073233
2018_1166_1345,0.4999823569889563
2018_1166_1347,0.50000054329051
2018_1166_1348,0.49999076406133003
2018_1166_1355,0.49999320132292313
2018_1166_1361,0.4999914745181506
2018_1166_1371,0.4999949971998867
2018_1166_1372,0.4999930217352268
2018_1166_1382,0.49999561884960486
2018_1166_1393,0.4999953820306646
2018_1166_1395,0.49998567245411685
2018_1166_1397,0.49999432374602537
2018_1166_1400,0.4999953820306646
2018_1166_1401,0.4999855688458306
2018_1166_1403,0.499993650292164
2018_1166_1411,0.5000024448072953
2018_1166_1417,0.49998537643044183
2018_1166_1420,0.49998287503038763
2018_1166_1422,0.49998981678556925
2018_1166_1437,0.499999486892296
2018_1166_1438,0.4999923033844415
2018_1166_1439,0.5000052336985801
2018_1166_1452,0.49998422193810904
2018_1166_1455,0.500002480020569
2018_1166_1460,0.4999861460919971
2018_1166_1462,0.49998981678556925
2018_1168_1172,0.5000165733788313
2018_1168_1181,0.5000229872251205
2018_1168_1196,0.500001949809275
2018_1168_1199,0.4999954504450252
2018_1168_1209,0.5000050284554985
2018_1168_1211,0.5
2018_1168_1222,0.5000110895402496
2018_1168_1233,0.4999983975251707
2018_1168_1242,0.5000071835078548
2018_1168_1243,0.5000024930997851
2018_1168_1246,0.5000158037172763
2018_1168_1252,0.500001949809275
2018_1168_1254,0.5000050284554985
2018_1168_1260,0.5000143670157065
2018_1168_1267,0.500001949809275
2018_1168_1274,0.5000188823634961
2018_1168_1276,0.5000044613364574
2018_1168_1277,0.5000124364479718
2018_1168_1281,0.5000093385602107
2018_1168_1285,0.5000005387630891
2018_1168_1293,0.500006824332462
2018_1168_1300,0.5000202405897692
2018_1168_1301,0.500001180147719
2018_1168_1305,0.5000034891323868
2018_1168_1308,0.4999942531937161
2018_1168_1314,0.500000491503169
2018_1168_1326,0.49999259546113434
2018_1168_1328,0.5000071835078548
2018_1168_1335,0.4999972463219889
2018_1168_1344,0.5000058573217894
2018_1168_1345,0.499995082060007
2018_1168_1347,0.5000132683615648
2018_1168_1348,0.5000034891323868
2018_1168_1355,0.5000059263939803
2018_1168_1361,0.5000041995892076
2018_1168_1371,0.5000077222709437
2018_1168_1372,0.500005746806284
2018_1168_1382,0.5000083439206618
2018_1168_1393,0.5000081071017216
2018_1168_1395,0.4999983975251707
2018_1168_1397,0.5000070488170825
2018_1168_1400,0.5000081071017216
2018_1168_1401,0.49999829391688444
2018_1168_1403,0.5000063753632212
2018_1168_1411,0.5000151698783484
2018_1168_1417,0.49999810150149543
2018_1168_1420,0.4999956001014388
2018_1168_1422,0.5000025418566256
2018_1168_1437,0.5000122119633514
2018_1168_1438,0.5000050284554985
2018_1168_1439,0.5000179587696303
2018_1168_1452,0.49999694700916153
2018_1168_1455,0.5000152050916222
2018_1168_1460,0.49999887116305136
2018_1168_1462,0.5000025418566256
2018_1172_1181,0.500006413846299
2018_1172_1196,0.49998537643044183
2018_1172_1199,0.49997887706620014
2018_1172_1209,0.49998845507666323
2018_1172_1211,0.4999834266211687
2018_1172_1222,0.49999451616141427
2018_1172_1233,0.4999818241463414
2018_1172_1242,0.49999061012901896
2018_1172_1243,0.4999859197209514
2018_1172_1246,0.4999992303384441
2018_1172_1252,0.49998537643044183
2018_1172_1254,0.49998845507666323
2018_1172_1260,0.499997793636873
2018_1172_1267,0.49998537643044183
2018_1172_1274,0.5000023089846678
2018_1172_1276,0.49998788795762233
2018_1172_1277,0.49999586306913707
2018_1172_1281,0.4999927651813749
2018_1172_1285,0.49998396538425727
2018_1172_1293,0.49999025095362626
2018_1172_1300,0.5000036672109428
2018_1172_1301,0.4999846067688866
2018_1172_1305,0.4999869157535525
2018_1172_1308,0.49997767981489327
2018_1172_1314,0.4999839181243371
2018_1172_1326,0.4999760220823149
2018_1172_1328,0.49999061012901896
2018_1172_1335,0.499980672943161
2018_1172_1344,0.4999892839429539
2018_1172_1345,0.49997850868118265
2018_1172_1347,0.49999669498273047
2018_1172_1348,0.4999869157535525
2018_1172_1355,0.4999893530151448
2018_1172_1361,0.49998762621037274
2018_1172_1371,0.49999114889210794
2018_1172_1372,0.4999891734274485
2018_1172_1382,0.499991770541826
2018_1172_1393,0.49999153372288563
2018_1172_1395,0.4999818241463414
2018_1172_1397,0.49999047543824676
2018_1172_1400,0.49999153372288563
2018_1172_1401,0.4999817205380552
2018_1172_1403,0.4999898019843855
2018_1172_1411,0.4999985964995156
2018_1172_1417,0.49998152812266633
2018_1172_1420,0.4999790267226136
2018_1172_1422,0.49998596847779203
2018_1172_1437,0.49999563858451657
2018_1172_1438,0.49998845507666323
2018_1172_1439,0.5000013853908006
2018_1172_1452,0.49998037363033426
2018_1172_1455,0.49999863171278947
2018_1172_1460,0.4999822977842213
2018_1172_1462,0.49998596847779203
2018_1181_1196,0.4999789625841507
2018_1181_1199,0.4999724632199162
2018_1181_1209,0.4999820412303697
2018_1181_1211,0.49997701277487944
2018_1181_1222,0.49998810231511703
2018_1181_1233,0.4999754103000539
2018_1181_1242,0.4999841962827237
2018_1181_1243,0.4999795058746598
2018_1181_1246,0.4999928164921453
2018_1181_1252,0.4999789625841507
2018_1181_1254,0.4999820412303697
2018_1181_1260,0.4999913797905745
2018_1181_1267,0.4999789625841507
2018_1181_1274,0.4999958951383685
2018_1181_1276,0.49998147411132915
2018_1181_1277,0.4999894492228392
2018_1181_1281,0.4999863513350785
2018_1181_1285,0.4999775515379676
2018_1181_1293,0.49998383710733146
2018_1181_1300,0.4999972533646437
2018_1181_1301,0.49997819292259615
2018_1181_1305,0.49998050190725996
2018_1181_1308,0.49997126596861075
2018_1181_1314,0.49997750427804755
2018_1181_1326,0.4999696082360346
2018_1181_1328,0.4999841962827237
2018_1181_1335,0.4999742590968748
2018_1181_1344,0.4999828700966596
2018_1181_1345,0.4999720948348991
2018_1181_1347,0.49999028113643235
2018_1181_1348,0.49998050190725996
2018_1181_1355,0.4999829391688505
2018_1181_1361,0.4999812123640799
2018_1181_1371,0.4999847350458124
2018_1181_1372,0.49998275958115423
2018_1181_1382,0.49998535669553
2018_1181_1393,0.49998511987659
2018_1181_1395,0.4999754103000539
2018_1181_1397,0.49998406159195163
2018_1181_1400,0.49998511987659
2018_1181_1401,0.49997530669176776
2018_1181_1403,0.4999833881380909
2018_1181_1411,0.49999218265321693
2018_1181_1417,0.49997511427637925
2018_1181_1420,0.4999726128763294
2018_1181_1422,0.4999795546315004
2018_1181_1437,0.4999892247382189
2018_1181_1438,0.4999820412303697
2018_1181_1439,0.49999497154450145
2018_1181_1452,0.49997395978404835
2018_1181_1455,0.49999221786649084
2018_1181_1460,0.4999758839379333
2018_1181_1462,0.4999795546315004
2018_1196_1199,0.4999935006357505
2018_1196_1209,0.5000030786462236
2018_1196_1211,0.499998050190725
2018_1196_1222,0.5000091397309755
2018_1196_1233,0.49999644771589585
2018_1196_1242,0.5000052336985801
2018_1196_1243,0.50000054329051
2018_1196_1246,0.500013853908003
2018_1196_1252,0.5
2018_1196_1254,0.5000030786462236
2018_1196_1260,0.5000124172064329
2018_1196_1267,0.5
2018_1196_1274,0.5000169325542236
2018_1196_1276,0.5000025115271824
2018_1196_1277,0.5000104866386977
2018_1196_1281,0.5000073887509363
2018_1196_1285,0.49999858895381416
2018_1196_1293,0.5000048745231873
2018_1196_1300,0.5000182907804971
2018_1196_1301,0.4999992303384441
2018_1196_1305,0.5000015393231119
2018_1196_1308,0.4999923033844415
2018_1196_1314,0.49999854169389407
2018_1196_1326,0.49999064565185997
2018_1196_1328,0.5000052336985801
2018_1196_1335,0.49999529651271396
2018_1196_1344,0.5000039075125146
2018_1196_1345,0.49999313225073233
2018_1196_1347,0.500011318552291
2018_1196_1348,0.5000015393231119
2018_1196_1355,0.5000039765847054
2018_1196_1361,0.5000022497799327
2018_1196_1371,0.5000057724616691
2018_1196_1372,0.5000037969970091
2018_1196_1382,0.5000063941113873
2018_1196_1393,0.500006157292447
2018_1196_1395,0.49999644771589585
2018_1196_1397,0.5000050990078078
2018_1196_1400,0.500006157292447
2018_1196_1401,0.4999963441076094
2018_1196_1403,0.5000044255539464
2018_1196_1411,0.500013220069075
2018_1196_1417,0.49999615169222045
2018_1196_1420,0.499993650292164
2018_1196_1422,0.5000005920473507
2018_1196_1437,0.5000102621540774
2018_1196_1438,0.5000030786462236
2018_1196_1439,0.5000160089603576
2018_1196_1452,0.4999949971998867
2018_1196_1455,0.5000132552823487
2018_1196_1460,0.4999969213537763
2018_1196_1462,0.5000005920473507
2018_1199_1209,0.5000095780104724
2018_1199_1211,0.5000045495549749
2018_1199_1222,0.5000156390952214
2018_1199_1233,0.5000029470801457
2018_1199_1242,0.5000117330628281
2018_1199_1243,0.5000070426547595
2018_1199_1246,0.5000203532722451
2018_1199_1252,0.5000064993642497
2018_1199_1254,0.5000095780104724
2018_1199_1260,0.5000189165706764
2018_1199_1267,0.5000064993642497
2018_1199_1274,0.500023431918463
2018_1199_1276,0.5000090108914315
2018_1199_1277,0.5000169860029428
2018_1199_1281,0.5000138881151832
2018_1199_1285,0.500005088318064
2018_1199_1293,0.5000113738874354
2018_1199_1300,0.500024790144735
2018_1199_1301,0.5000057297026939
2018_1199_1305,0.5000080386873611
2018_1199_1308,0.4999988027486908
2018_1199_1314,0.5000050410581438
2018_1199_1326,0.4999971450161088
2018_1199_1328,0.5000117330628281
2018_1199_1335,0.5000017958769638
2018_1199_1344,0.5000104068767631
2018_1199_1345,0.4999996316149818
2018_1199_1347,0.5000178179165353
2018_1199_1348,0.5000080386873611
2018_1199_1355,0.500010475948954
2018_1199_1361,0.5000087491441817
2018_1199_1371,0.5000122718259169
2018_1199_1372,0.5000102963612577
2018_1199_1382,0.5000128934756347
2018_1199_1393,0.5000126566566946
2018_1199_1395,0.5000029470801457
2018_1199_1397,0.5000115983720558
2018_1199_1400,0.5000126566566946
2018_1199_1401,0.5000028434718594
2018_1199_1403,0.5000109249181948
2018_1199_1411,0.5000197194333179
2018_1199_1417,0.5000026510564703
2018_1199_1420,0.5000001496564136
2018_1199_1422,0.5000070914116002
2018_1199_1437,0.5000167615183226
2018_1199_1438,0.5000095780104724
2018_1199_1439,0.5000225083245978
2018_1199_1452,0.5000014965641365
2018_1199_1455,0.5000197546465915
2018_1199_1460,0.5000034207180263
2018_1199_1462,0.5000070914116002
2018_1209_1211,0.49999497154450145
2018_1209_1222,0.5000060610847525
2018_1209_1233,0.4999933690696725
2018_1209_1242,0.5000021550523566
2018_1209_1243,0.49999746464428635
2018_1209_1246,0.5000107752617812
2018_1209_1252,0.4999969213537763
2018_1209_1254,0.5
2018_1209_1260,0.5000093385602107
2018_1209_1267,0.4999969213537763
2018_1209_1274,0.500013853908003
2018_1209_1276,0.4999994328809588
2018_1209_1277,0.5000074079924751
2018_1209_1281,0.500004310104713
2018_1209_1285,0.49999551030759054
2018_1209_1293,0.5000017958769638
2018_1209_1300,0.500015212134277
2018_1209_1301,0.49999615169222045
2018_1209_1305,0.4999984606768882
2018_1209_1308,0.4999892247382189
2018_1209_1314,0.49999546304767045
2018_1209_1326,0.49998756700563773
2018_1209_1328,0.5000021550523566
2018_1209_1335,0.49999221786649084
2018_1209_1344,0.5000008288662909
2018_1209_1345,0.49999005360450943
2018_1209_1347,0.5000082399060685
2018_1209_1348,0.4999984606768882
2018_1209_1355,0.5000008979384819
2018_1209_1361,0.4999991711337091
2018_1209_1371,0.5000026938154457
2018_1209_1372,0.5000007183507855
2018_1209_1382,0.500003315465164
2018_1209_1393,0.5000030786462236
2018_1209_1395,0.4999933690696725
2018_1209_1397,0.5000020203615843
2018_1209_1400,0.5000030786462236
2018_1209_1401,0.4999932654613861
2018_1209_1403,0.5000013469077228
2018_1209_1411,0.500010141422853
2018_1209_1417,0.4999930730459972
2018_1209_1420,0.49999057164594113
2018_1209_1422,0.499997513401127
2018_1209_1437,0.5000071835078548
2018_1209_1438,0.5
2018_1209_1439,0.5000129303141365
2018_1209_1452,0.4999919185536636
2018_1209_1455,0.5000101766361268
2018_1209_1460,0.499993842707553
2018_1209_1462,0.499997513401127
2018_1211_1222,0.5000110895402496
2018_1211_1233,0.4999983975251707
2018_1211_1242,0.5000071835078548
2018_1211_1243,0.5000024930997851
2018_1211_1246,0.5000158037172763
2018_1211_1252,0.500001949809275
2018_1211_1254,0.5000050284554985
2018_1211_1260,0.5000143670157065
2018_1211_1267,0.500001949809275
2018_1211_1274,0.5000188823634961
2018_1211_1276,0.5000044613364574
2018_1211_1277,0.5000124364479718
2018_1211_1281,0.5000093385602107
2018_1211_1285,0.5000005387630891
2018_1211_1293,0.500006824332462
2018_1211_1300,0.5000202405897692
2018_1211_1301,0.500001180147719
2018_1211_1305,0.5000034891323868
2018_1211_1308,0.4999942531937161
2018_1211_1314,0.500000491503169
2018_1211_1326,0.49999259546113434
2018_1211_1328,0.5000071835078548
2018_1211_1335,0.4999972463219889
2018_1211_1344,0.5000058573217894
2018_1211_1345,0.499995082060007
2018_1211_1347,0.5000132683615648
2018_1211_1348,0.5000034891323868
2018_1211_1355,0.5000059263939803
2018_1211_1361,0.5000041995892076
2018_1211_1371,0.5000077222709437
2018_1211_1372,0.500005746806284
2018_1211_1382,0.5000083439206618
2018_1211_1393,0.5000081071017216
2018_1211_1395,0.4999983975251707
2018_1211_1397,0.5000070488170825
2018_1211_1400,0.5000081071017216
2018_1211_1401,0.49999829391688444
2018_1211_1403,0.5000063753632212
2018_1211_1411,0.5000151698783484
2018_1211_1417,0.49999810150149543
2018_1211_1420,0.4999956001014388
2018_1211_1422,0.5000025418566256
2018_1211_1437,0.5000122119633514
2018_1211_1438,0.5000050284554985
2018_1211_1439,0.5000179587696303
2018_1211_1452,0.49999694700916153
2018_1211_1455,0.5000152050916222
2018_1211_1460,0.49999887116305136
2018_1211_1462,0.5000025418566256
2018_1222_1233,0.4999873079849219
2018_1222_1242,0.49999609396760375
2018_1222_1243,0.4999914035595344
2018_1222_1246,0.5000047141770299
2018_1222_1252,0.49999086026902445
2018_1222_1254,0.4999939389152475
2018_1222_1260,0.5000032774754589
2018_1222_1267,0.49999086026902445
2018_1222_1274,0.500007792823253
2018_1222_1276,0.49999337179620634
2018_1222_1277,0.5000013469077228
2018_1222_1281,0.49999824901996026
2018_1222_1285,0.4999894492228392
2018_1222_1293,0.4999957347922111
2018_1222_1300,0.5000091510495278
2018_1222_1301,0.4999900906074688
2018_1222_1305,0.4999923995921359
2018_1222_1308,0.4999831636534707
2018_1222_1314,0.4999894019629191
2018_1222_1326,0.49998150592089075
2018_1222_1328,0.49999609396760375
2018_1222_1335,0.4999861567817409
2018_1222_1344,0.49999476778153834
2018_1222_1345,0.4999839925197608
2018_1222_1347,0.5000021788213164
2018_1222_1348,0.4999923995921359
2018_1222_1355,0.49999483685372925
2018_1222_1361,0.49999311004895663
2018_1222_1371,0.4999966327306929
2018_1222_1372,0.49999465726603287
2018_1222_1382,0.4999972543804111
2018_1222_1393,0.49999701756147086
2018_1222_1395,0.4999873079849219
2018_1222_1397,0.49999595927683155
2018_1222_1400,0.49999701756147086
2018_1222_1401,0.49998720437663563
2018_1222_1403,0.49999528582297015
2018_1222_1411,0.5000040803381015
2018_1222_1417,0.4999870119612469
2018_1222_1420,0.49998451056119214
2018_1222_1422,0.49999145231637504
2018_1222_1437,0.5000011224231024
2018_1222_1438,0.4999939389152475
2018_1222_1439,0.5000068692293861
2018_1222_1452,0.4999858574689138
2018_1222_1455,0.5000041155513752
2018_1222_1460,0.4999877816228023
2018_1222_1462,0.49999145231637504
2018_1233_1242,0.5000087859826835
2018_1233_1243,0.5000040955746142
2018_1233_1246,0.5000174061921037
2018_1233_1252,0.5000035522841042
2018_1233_1254,0.5000066309303275
2018_1233_1260,0.5000159694905343
2018_1233_1267,0.5000035522841042
2018_1233_1274,0.500020484838323
2018_1233_1276,0.5000060638112864
2018_1233_1277,0.5000140389227998
2018_1233_1281,0.5000109410350393
2018_1233_1285,0.5000021412379184
2018_1233_1293,0.5000084268072909
2018_1233_1300,0.5000218430645956
2018_1233_1301,0.5000027826225483
2018_1233_1305,0.5000050916072158
2018_1233_1308,0.49999585566854515
2018_1233_1314,0.5000020939779982
2018_1233_1326,0.49999419793596334
2018_1233_1328,0.5000087859826835
2018_1233_1335,0.4999988487968181
2018_1233_1344,0.5000074597966183
2018_1233_1345,0.49999668453483614
2018_1233_1347,0.5000148708363927
2018_1233_1348,0.5000050916072158
2018_1233_1355,0.5000075288688092
2018_1233_1361,0.5000058020640367
2018_1233_1371,0.5000093247457725
2018_1233_1372,0.5000073492811129
2018_1233_1382,0.5000099463954906
2018_1233_1393,0.5000097095765503
2018_1233_1395,0.5
2018_1233_1397,0.5000086512919113
2018_1233_1400,0.5000097095765503
2018_1233_1401,0.49999989639171366
2018_1233_1403,0.5000079778380501
2018_1233_1411,0.500016772353176
2018_1233_1417,0.4999997039763247
2018_1233_1420,0.499997202576268
2018_1233_1422,0.5000041443314548
2018_1233_1437,0.5000138144381796
2018_1233_1438,0.5000066309303275
2018_1233_1439,0.5000195612444573
2018_1233_1452,0.49999854948399075
2018_1233_1455,0.5000168075664498
2018_1233_1460,0.5000004736378806
2018_1233_1462,0.5000041443314548
2018_1242_1243,0.49999530959192995
2018_1242_1246,0.5000086202094254
2018_1242_1252,0.49999476630142
2018_1242_1254,0.4999978449476434
2018_1242_1260,0.5000071835078548
2018_1242_1267,0.49999476630142
2018_1242_1274,0.5000116988556478
2018_1242_1276,0.4999972778286023
2018_1242_1277,0.5000052529401189
2018_1242_1281,0.5000021550523566
2018_1242_1285,0.4999933552552343
2018_1242_1293,0.49999964082460724
2018_1242_1300,0.5000130570819221
2018_1242_1301,0.49999399663986416
2018_1242_1305,0.4999963056245316
2018_1242_1308,0.49998706968586343
2018_1242_1314,0.4999933079953142
2018_1242_1326,0.4999854119532827
2018_1242_1328,0.5
2018_1242_1335,0.49999006281413483
2018_1242_1344,0.4999986738139344
2018_1242_1345,0.49998789855215386
2018_1242_1347,0.5000060848537123
2018_1242_1348,0.4999963056245316
2018_1242_1355,0.49999874288612534
2018_1242_1361,0.4999970160813525
2018_1242_1371,0.5000005387630891
2018_1242_1372,0.49999856329842896
2018_1242_1382,0.5000011604128074
2018_1242_1393,0.5000009235938672
2018_1242_1395,0.4999912140173165
2018_1242_1397,0.4999998653092278
2018_1242_1400,0.5000009235938672
2018_1242_1401,0.4999911104090301
2018_1242_1403,0.49999919185536623
2018_1242_1411,0.5000079863704971
2018_1242_1417,0.4999909179936412
2018_1242_1420,0.49998841659358556
2018_1242_1422,0.4999953583487707
2018_1242_1437,0.5000050284554985
2018_1242_1438,0.4999978449476434
2018_1242_1439,0.5000107752617812
2018_1242_1452,0.4999897635013077
2018_1242_1455,0.5000080215837709
2018_1242_1460,0.49999168765519686
2018_1242_1462,0.4999953583487707
2018_1243_1246,0.5000133106174933
2018_1243_1252,0.49999945670949
2018_1243_1254,0.5000025353557136
2018_1243_1260,0.5000118739159232
2018_1243_1267,0.49999945670949
2018_1243_1274,0.5000163892637142
2018_1243_1276,0.5000019682366724
2018_1243_1277,0.5000099433481879
2018_1243_1281,0.5000068454604263
2018_1243_1285,0.4999980456633041
2018_1243_1293,0.5000043312326773
2018_1243_1300,0.5000177474899877
2018_1243_1301,0.49999868704793404
2018_1243_1305,0.5000009960326018
2018_1243_1308,0.4999917600939315
2018_1243_1314,0.499997998403384
2018_1243_1326,0.4999901023613501
2018_1243_1328,0.50000469040807
2018_1243_1335,0.499994753222204
2018_1243_1344,0.5000033642220045
2018_1243_1345,0.4999925889602223
2018_1243_1347,0.5000107752617812
2018_1243_1348,0.5000009960326018
2018_1243_1355,0.5000034332941954
2018_1243_1361,0.5000017064894227
2018_1243_1371,0.5000052291711592
2018_1243_1372,0.5000032537064991
2018_1243_1382,0.5000058508208773
2018_1243_1393,0.5000056140019371
2018_1243_1395,0.4999959044253858
2018_1243_1397,0.5000045557172978
2018_1243_1400,0.5000056140019371
2018_1243_1401,0.4999958008170994
2018_1243_1403,0.5000038822634364
2018_1243_1411,0.5000126767785653
2018_1243_1417,0.4999956084017104
2018_1243_1420,0.49999310700165406
2018_1243_1422,0.5000000487568407
2018_1243_1437,0.5000097188635676
2018_1243_1438,0.5000025353557136
2018_1243_1439,0.5000154656698481
2018_1243_1452,0.4999944539093767
2018_1243_1455,0.500012711991839
2018_1243_1460,0.4999963780632664
2018_1243_1462,0.5000000487568407
2018_1246_1252,0.4999861460919971
2018_1246_1254,0.4999892247382189
2018_1246_1260,0.49999856329842896
2018_1246_1267,0.4999861460919971
2018_1246_1274,0.5000030786462236
2018_1246_1276,0.4999886576191779
2018_1246_1277,0.4999966327306929
2018_1246_1281,0.49999353484293063
2018_1246_1285,0.4999847350458124
2018_1246_1293,0.499991020615182
2018_1246_1300,0.5000044368724986
2018_1246_1301,0.49998537643044183
2018_1246_1305,0.49998768541510785
2018_1246_1308,0.49997844947644776
2018_1246_1314,0.4999846877858924
2018_1246_1326,0.49997679174386905
2018_1246_1328,0.4999913797905745
2018_1246_1335,0.49998144260471594
2018_1246_1344,0.49999005360450943
2018_1246_1345,0.4999792783427372
2018_1246_1347,0.49999746464428635
2018_1246_1348,0.49998768541510785
2018_1246_1355,0.49999012267670034
2018_1246_1361,0.4999883958719283
2018_1246_1371,0.4999919185536636
2018_1246_1372,0.499989943089004
2018_1246_1382,0.49999254020338163
2018_1246_1393,0.4999923033844415
2018_1246_1395,0.49998259380789634
2018_1246_1397,0.4999912450998024
2018_1246_1400,0.4999923033844415
2018_1246_1401,0.49998249019961005
2018_1246_1403,0.49999057164594113
2018_1246_1411,0.4999993661610716
2018_1246_1417,0.4999822977842213
2018_1246_1420,0.4999797963841681
2018_1246_1422,0.4999867381393473
2018_1246_1437,0.4999964082460724
2018_1246_1438,0.4999892247382189
2018_1246_1439,0.5000021550523566
2018_1246_1452,0.499981143291889
2018_1246_1455,0.49999940137434534
2018_1246_1460,0.49998306744577636
2018_1246_1462,0.4999867381393473
2018_1252_1254,0.5000030786462236
2018_1252_1260,0.5000124172064329
2018_1252_1267,0.5
2018_1252_1274,0.5000169325542236
2018_1252_1276,0.5000025115271824
2018_1252_1277,0.5000104866386977
2018_1252_1281,0.5000073887509363
2018_1252_1285,0.49999858895381416
2018_1252_1293,0.5000048745231873
2018_1252_1300,0.5000182907804971
2018_1252_1301,0.4999992303384441
2018_1252_1305,0.5000015393231119
2018_1252_1308,0.4999923033844415
2018_1252_1314,0.49999854169389407
2018_1252_1326,0.49999064565185997
2018_1252_1328,0.5000052336985801
2018_1252_1335,0.49999529651271396
2018_1252_1344,0.5000039075125146
2018_1252_1345,0.49999313225073233
2018_1252_1347,0.500011318552291
2018_1252_1348,0.5000015393231119
2018_1252_1355,0.5000039765847054
2018_1252_1361,0.5000022497799327
2018_1252_1371,0.5000057724616691
2018_1252_1372,0.5000037969970091
2018_1252_1382,0.5000063941113873
2018_1252_1393,0.500006157292447
2018_1252_1395,0.49999644771589585
2018_1252_1397,0.5000050990078078
2018_1252_1400,0.500006157292447
2018_1252_1401,0.4999963441076094
2018_1252_1403,0.5000044255539464
2018_1252_1411,0.500013220069075
2018_1252_1417,0.49999615169222045
2018_1252_1420,0.499993650292164
2018_1252_1422,0.5000005920473507
2018_1252_1437,0.5000102621540774
2018_1252_1438,0.5000030786462236
2018_1252_1439,0.5000160089603576
2018_1252_1452,0.4999949971998867
2018_1252_1455,0.5000132552823487
2018_1252_1460,0.4999969213537763
2018_1252_1462,0.5000005920473507
2018_1254_1260,0.5000093385602107
2018_1254_1267,0.4999969213537763
2018_1254_1274,0.500013853908003
2018_1254_1276,0.4999994328809588
2018_1254_1277,0.5000074079924751
2018_1254_1281,0.500004310104713
2018_1254_1285,0.49999551030759054
2018_1254_1293,0.5000017958769638
2018_1254_1300,0.500015212134277
2018_1254_1301,0.49999615169222045
2018_1254_1305,0.4999984606768882
2018_1254_1308,0.4999892247382189
2018_1254_1314,0.49999546304767045
2018_1254_1326,0.49998756700563773
2018_1254_1328,0.5000021550523566
2018_1254_1335,0.49999221786649084
2018_1254_1344,0.5000008288662909
2018_1254_1345,0.49999005360450943
2018_1254_1347,0.5000082399060685
2018_1254_1348,0.4999984606768882
2018_1254_1355,0.5000008979384819
2018_1254_1361,0.4999991711337091
2018_1254_1371,0.5000026938154457
2018_1254_1372,0.5000007183507855
2018_1254_1382,0.500003315465164
2018_1254_1393,0.5000030786462236
2018_1254_1395,0.4999933690696725
2018_1254_1397,0.5000020203615843
2018_1254_1400,0.5000030786462236
2018_1254_1401,0.4999932654613861
2018_1254_1403,0.5000013469077228
2018_1254_1411,0.500010141422853
2018_1254_1417,0.4999930730459972
2018_1254_1420,0.49999057164594113
2018_1254_1422,0.499997513401127
2018_1254_1437,0.5000071835078548
2018_1254_1438,0.5
2018_1254_1439,0.5000129303141365
2018_1254_1452,0.4999919185536636
2018_1254_1455,0.5000101766361268
2018_1254_1460,0.499993842707553
2018_1254_1462,0.499997513401127
2018_1260_1267,0.4999875827935671
2018_1260_1274,0.5000045153477946
2018_1260_1276,0.4999900943207483
2018_1260_1277,0.49999806943226394
2018_1260_1281,0.49999497154450145
2018_1260_1285,0.49998617174738225
2018_1260_1293,0.4999924573167527
2018_1260_1300,0.5000058735740696
2018_1260_1301,0.49998681313201165
2018_1260_1305,0.4999891221166782
2018_1260_1308,0.4999798861780162
2018_1260_1314,0.4999861244874621
2018_1260_1326,0.4999782284454372
2018_1260_1328,0.4999928164921453
2018_1260_1335,0.49998287930628504
2018_1260_1344,0.49999149030608003
2018_1260_1345,0.4999807150443059
2018_1260_1347,0.49999890134585745
2018_1260_1348,0.4999891221166782
2018_1260_1355,0.4999915593782709
2018_1260_1361,0.49998983257349866
2018_1260_1371,0.4999933552552343
2018_1260_1372,0.4999913797905745
2018_1260_1382,0.49999397690495245
2018_1260_1393,0.4999937400860122
2018_1260_1395,0.4999840305094658
2018_1260_1397,0.499992681801373
2018_1260_1400,0.4999937400860122
2018_1260_1401,0.4999839269011795
2018_1260_1403,0.4999920083475117
2018_1260_1411,0.5000008028626426
2018_1260_1417,0.49998373448579064
2018_1260_1420,0.499981233085737
2018_1260_1422,0.4999881748409174
2018_1260_1437,0.4999978449476434
2018_1260_1438,0.49999066143978926
2018_1260_1439,0.5000035917539276
2018_1260_1452,0.4999825799934582
2018_1260_1455,0.5000008380759164
2018_1260_1460,0.4999845041473458
2018_1260_1462,0.4999881748409174
2018_1267_1274,0.5000169325542236
2018_1267_1276,0.5000025115271824
2018_1267_1277,0.5000104866386977
2018_1267_1281,0.5000073887509363
2018_1267_1285,0.49999858895381416
2018_1267_1293,0.5000048745231873
2018_1267_1300,0.5000182907804971
2018_1267_1301,0.4999992303384441
2018_1267_1305,0.5000015393231119
2018_1267_1308,0.4999923033844415
2018_1267_1314,0.49999854169389407
2018_1267_1326,0.49999064565185997
2018_1267_1328,0.5000052336985801
2018_1267_1335,0.49999529651271396
2018_1267_1344,0.5000039075125146
2018_1267_1345,0.49999313225073233
2018_1267_1347,0.500011318552291
2018_1267_1348,0.5000015393231119
2018_1267_1355,0.5000039765847054
2018_1267_1361,0.5000022497799327
2018_1267_1371,0.5000057724616691
2018_1267_1372,0.5000037969970091
2018_1267_1382,0.5000063941113873
2018_1267_1393,0.500006157292447
2018_1267_1395,0.49999644771589585
2018_1267_1397,0.5000050990078078
2018_1267_1400,0.500006157292447
2018_1267_1401,0.4999963441076094
2018_1267_1403,0.5000044255539464
2018_1267_1411,0.500013220069075
2018_1267_1417,0.49999615169222045
2018_1267_1420,0.499993650292164
2018_1267_1422,0.5000005920473507
2018_1267_1437,0.5000102621540774
2018_1267_1438,0.5000030786462236
2018_1267_1439,0.5000160089603576
2018_1267_1452,0.4999949971998867
2018_1267_1455,0.5000132552823487
2018_1267_1460,0.4999969213537763
2018_1267_1462,0.5000005920473507
2018_1274_1276,0.49998557897295626
2018_1274_1277,0.49999355408446966
2018_1274_1281,0.4999904561967078
2018_1274_1285,0.4999816563995922
2018_1274_1293,0.4999879419689596
2018_1274_1300,0.5000013582262751
2018_1274_1301,0.4999822977842213
2018_1274_1305,0.4999846067688866
2018_1274_1308,0.49997537083023064
2018_1274_1314,0.4999816091396722
2018_1274_1326,0.4999737130976529
2018_1274_1328,0.4999883011443523
2018_1274_1335,0.4999783639584972
2018_1274_1344,0.49998697495828737
2018_1274_1345,0.49997619969651963
2018_1274_1347,0.49999438599806295
2018_1274_1348,0.4999846067688866
2018_1274_1355,0.49998704403047833
2018_1274_1361,0.49998531722570666
2018_1274_1371,0.4999888399074411
2018_1274_1372,0.499986864442782
2018_1274_1382,0.49998946155715907
2018_1274_1393,0.4999892247382189
2018_1274_1395,0.4999795151616771
2018_1274_1397,0.49998816645357996
2018_1274_1400,0.4999892247382189
2018_1274_1401,0.4999794115533909
2018_1274_1403,0.499987492999719
2018_1274_1411,0.49999628751484804
2018_1274_1417,0.4999792191380023
2018_1274_1420,0.4999767177379503
2018_1274_1422,0.49998365949312634
2018_1274_1437,0.49999332959984905
2018_1274_1438,0.4999861460919971
2018_1274_1439,0.49999907640613295
2018_1274_1452,0.4999780646456704
2018_1274_1455,0.49999632272812183
2018_1274_1460,0.49997998879955685
2018_1274_1462,0.49998365949312634
2018_1276_1277,0.5000079751115162
2018_1276_1281,0.5000048772237542
2018_1276_1285,0.49999607742663177
2018_1276_1293,0.500002362996005
2018_1276_1300,0.5000157792533175
2018_1276_1301,0.49999671881126173
2018_1276_1305,0.4999990277959293
2018_1276_1308,0.4999897918572598
2018_1276_1314,0.4999960301667116
2018_1276_1326,0.49998813412467863
2018_1276_1328,0.5000027221713977
2018_1276_1335,0.4999927849855319
2018_1276_1344,0.5000013959853322
2018_1276_1345,0.49999062072355044
2018_1276_1347,0.5000088070251095
2018_1276_1348,0.4999990277959293
2018_1276_1355,0.5000014650575231
2018_1276_1361,0.4999997382527501
2018_1276_1371,0.5000032609344869
2018_1276_1372,0.5000012854698268
2018_1276_1382,0.500003882584205
2018_1276_1393,0.5000036457652648
2018_1276_1395,0.4999939361887136
2018_1276_1397,0.5000025874806254
2018_1276_1400,0.5000036457652648
2018_1276_1401,0.49999383258042734
2018_1276_1403,0.500001914026764
2018_1276_1411,0.500010708541894
2018_1276_1417,0.4999936401650383
2018_1276_1420,0.4999911387649822
2018_1276_1422,0.4999980805201683
2018_1276_1437,0.5000077506268958
2018_1276_1438,0.5000005671190412
2018_1276_1439,0.5000134974331774
2018_1276_1452,0.49999248567270466
2018_1276_1455,0.5000107437551677
2018_1276_1460,0.49999440982659415
2018_1276_1462,0.4999980805201683
2018_1277_1281,0.4999969021122374
2018_1277_1285,0.49998810231511703
2018_1277_1293,0.49999438788448836
2018_1277_1300,0.5000078041418053
2018_1277_1301,0.49998874369974666
2018_1277_1305,0.4999910526844134
2018_1277_1308,0.49998181674574954
2018_1277_1314,0.499988055055197
2018_1277_1326,0.49998015901317
2018_1277_1328,0.49999474705988106
2018_1277_1335,0.4999848098740191
2018_1277_1344,0.49999342087381565
2018_1277_1345,0.4999826456120394
2018_1277_1347,0.5000008319135935
2018_1277_1348,0.4999910526844134
2018_1277_1355,0.4999934899460066
2018_1277_1361,0.49999176314123406
2018_1277_1371,0.49999528582297015
2018_1277_1372,0.49999331035831013
2018_1277_1382,0.49999590747268835
2018_1277_1393,0.49999567065374806
2018_1277_1395,0.49998596107720017
2018_1277_1397,0.4999946123691088
2018_1277_1400,0.49999567065374806
2018_1277_1401,0.4999858574689138
2018_1277_1403,0.4999939389152475
2018_1277_1411,0.5000027334303787
2018_1277_1417,0.499985665053525
2018_1277_1420,0.4999831636534707
2018_1277_1422,0.4999901054086526
2018_1277_1437,0.49999977551537955
2018_1277_1438,0.4999925920075249
2018_1277_1439,0.5000055223216635
2018_1277_1452,0.49998451056119214
2018_1277_1455,0.5000027686436526
2018_1277_1460,0.49998643471508025
2018_1277_1462,0.4999901054086526
2018_1281_1285,0.49999120020287824
2018_1281_1293,0.4999974857722506
2018_1281_1300,0.5000109020295668
2018_1281_1301,0.49999184158750803
2018_1281_1305,0.4999941505721753
2018_1281_1308,0.49998491463350864
2018_1281_1314,0.4999911529429582
2018_1281_1326,0.4999832569009284
2018_1281_1328,0.4999978449476434
2018_1281_1335,0.49998790776177937
2018_1281_1344,0.49999651876157786
2018_1281_1345,0.49998574349979885
2018_1281_1347,0.500003929801356
2018_1281_1348,0.4999941505721753
2018_1281_1355,0.49999658783376877
2018_1281_1361,0.4999948610289961
2018_1281_1371,0.4999983837107326
2018_1281_1372,0.4999964082460724
2018_1281_1382,0.49999900536045083
2018_1281_1393,0.49999876854151043
2018_1281_1395,0.4999890589649607
2018_1281_1397,0.4999977102568712
2018_1281_1400,0.49999876854151043
2018_1281_1401,0.49998895535667437
2018_1281_1403,0.4999970368030098
2018_1281_1411,0.500005831318141
2018_1281_1417,0.4999887629412856
2018_1281_1420,0.4999862615412303
2018_1281_1422,0.4999932032964142
2018_1281_1437,0.5000028734031421
2018_1281_1438,0.4999956898952869
2018_1281_1439,0.5000086202094254
2018_1281_1452,0.4999876084489523
2018_1281_1455,0.5000058665314149
2018_1281_1460,0.49998953260284107
2018_1281_1462,0.4999932032964142
2018_1285_1293,0.500006285569373
2018_1285_1300,0.500019701826681
2018_1285_1301,0.50000064138463
2018_1285_1305,0.5000029503692976
2018_1285_1308,0.49999371443062707
2018_1285_1314,0.4999999527400798
2018_1285_1326,0.4999920566980454
2018_1285_1328,0.5000066447447657
2018_1285_1335,0.49999670755889974
2018_1285_1344,0.5000053185587003
2018_1285_1345,0.4999945432969179
2018_1285_1347,0.500012729598476
2018_1285_1348,0.5000029503692976
2018_1285_1355,0.5000053876308912
2018_1285_1361,0.5000036608261185
2018_1285_1371,0.5000071835078548
2018_1285_1372,0.5000052080431948
2018_1285_1382,0.5000078051575728
2018_1285_1393,0.5000075683386326
2018_1285_1395,0.49999785876208164
2018_1285_1397,0.5000065100539934
2018_1285_1400,0.5000075683386326
2018_1285_1401,0.4999977551537952
2018_1285_1403,0.5000058366001321
2018_1285_1411,0.5000146311152598
2018_1285_1417,0.4999975627384063
2018_1285_1420,0.49999506133834976
2018_1285_1422,0.5000020030935365
2018_1285_1437,0.5000116732002626
2018_1285_1438,0.5000044896924094
2018_1285_1439,0.5000174200065418
2018_1285_1452,0.4999964082460724
2018_1285_1455,0.5000146663285335
2018_1285_1460,0.49999833239996216
2018_1285_1462,0.5000020030935365
2018_1293_1300,0.5000134162573147
2018_1293_1301,0.49999435581525686
2018_1293_1305,0.4999966647999244
2018_1293_1308,0.4999874288612561
2018_1293_1314,0.499993667170707
2018_1293_1326,0.49998577112867526
2018_1293_1328,0.5000003591753928
2018_1293_1335,0.49999042198952753
2018_1293_1344,0.4999990329893272
2018_1293_1345,0.4999882577275465
2018_1293_1347,0.500006444029105
2018_1293_1348,0.4999966647999244
2018_1293_1355,0.4999991020615181
2018_1293_1361,0.49999737525674526
2018_1293_1371,0.5000008979384819
2018_1293_1372,0.4999989224738217
2018_1293_1382,0.5000015195882002
2018_1293_1393,0.5000012827692599
2018_1293_1395,0.4999915731927091
2018_1293_1397,0.5000002244846204
2018_1293_1400,0.5000012827692599
2018_1293_1401,0.49999146958442275
2018_1293_1403,0.499999551030759
2018_1293_1411,0.5000083455458898
2018_1293_1417,0.49999127716903385
2018_1293_1420,0.4999887757689781
2018_1293_1422,0.49999571752416333
2018_1293_1437,0.5000053876308912
2018_1293_1438,0.4999982041230362
2018_1293_1439,0.5000111344371737
2018_1293_1452,0.49999012267670034
2018_1293_1455,0.5000083807591637
2018_1293_1460,0.4999920468305895
2018_1293_1462,0.49999571752416333
2018_1300_1301,0.49998093955794803
2018_1300_1305,0.4999832485426127
2018_1300_1308,0.4999740126039589
2018_1300_1314,0.49998025091339904
2018_1300_1326,0.4999723548713817
2018_1300_1328,0.4999869429180779
2018_1300_1335,0.49997700573222476
2018_1300_1344,0.49998561673201325
2018_1300_1345,0.4999748414702477
2018_1300_1347,0.49999302777178806
2018_1300_1348,0.4999832485426127
2018_1300_1355,0.49998568580420416
2018_1300_1361,0.4999839589994328
2018_1300_1371,0.49998748168116675
2018_1300_1372,0.49998550621650795
2018_1300_1382,0.49998810333088456
2018_1300_1393,0.4999878665119443
2018_1300_1395,0.49997815693540437
2018_1300_1397,0.4999868082273057
2018_1300_1400,0.4999878665119443
2018_1300_1401,0.4999780533271182
2018_1300_1403,0.4999861347734448
2018_1300_1411,0.4999949292885729
2018_1300_1417,0.49997786091172963
2018_1300_1420,0.4999753595116784
2018_1300_1422,0.49998230126685284
2018_1300_1437,0.4999919713735743
2018_1300_1438,0.49998478786572303
2018_1300_1439,0.49999771817985783
2018_1300_1452,0.49997670641939806
2018_1300_1455,0.4999949645018468
2018_1300_1460,0.49997863057328407
2018_1300_1462,0.49998230126685284
2018_1301_1305,0.5000023089846678
2018_1301_1308,0.4999930730459972
2018_1301_1314,0.49999931135544995
2018_1301_1326,0.4999914153134156
2018_1301_1328,0.5000060033601359
2018_1301_1335,0.4999960661742698
2018_1301_1344,0.5000046771740705
2018_1301_1345,0.49999390191228804
2018_1301_1347,0.5000120882138465
2018_1301_1348,0.5000023089846678
2018_1301_1355,0.5000047462462613
2018_1301_1361,0.5000030194414886
2018_1301_1371,0.5000065421232249
2018_1301_1372,0.500004566658565
2018_1301_1382,0.5000071637729431
2018_1301_1393,0.5000069269540027
2018_1301_1395,0.49999721737745173
2018_1301_1397,0.5000058686693636
2018_1301_1400,0.5000069269540027
2018_1301_1401,0.4999971137691653
2018_1301_1403,0.5000051952155022
2018_1301_1411,0.5000139897306303
2018_1301_1417,0.4999969213537763
2018_1301_1420,0.49999441995371985
2018_1301_1422,0.5000013617089066
2018_1301_1437,0.500011031815633
2018_1301_1438,0.5000038483077796
2018_1301_1439,0.5000167786219127
2018_1301_1452,0.49999576686144254
2018_1301_1455,0.5000140249439041
2018_1301_1460,0.49999769101533226
2018_1301_1462,0.5000013617089066
2018_1305_1308,0.49999076406133003
2018_1305_1314,0.4999970023707823
2018_1305_1326,0.49998910632874877
2018_1305_1328,0.5000036943754683
2018_1305_1335,0.49999375718960226
2018_1305_1344,0.5000023681894028
2018_1305_1345,0.4999915929276207
2018_1305_1347,0.5000097792291798
2018_1305_1348,0.5
2018_1305_1355,0.5000024372615937
2018_1305_1361,0.5000007104568208
2018_1305_1371,0.5000042331385575
2018_1305_1372,0.5000022576738974
2018_1305_1382,0.5000048547882756
2018_1305_1393,0.5000046179693354
2018_1305_1395,0.4999949083927842
2018_1305_1397,0.500003559684696
2018_1305_1400,0.5000046179693354
2018_1305_1401,0.4999948047844978
2018_1305_1403,0.5000028862308347
2018_1305_1411,0.5000116807459641
2018_1305_1417,0.4999946123691088
2018_1305_1420,0.49999211096905255
2018_1305_1422,0.49999905272423895
2018_1305_1437,0.5000087228309662
2018_1305_1438,0.5000015393231119
2018_1305_1439,0.5000144696372472
2018_1305_1452,0.49999345787677507
2018_1305_1455,0.5000117159592379
2018_1305_1460,0.4999953820306646
2018_1305_1462,0.49999905272423895
2018_1308_1314,0.5000062383094529
2018_1308_1326,0.499998342267418
2018_1308_1328,0.5000129303141365
2018_1308_1335,0.500002993128273
2018_1308_1344,0.5000116041280718
2018_1308_1345,0.5000008288662909
2018_1308_1347,0.5000190151678429
2018_1308_1348,0.50000923593867
2018_1308_1355,0.5000116732002626
2018_1308_1361,0.5000099463954906
2018_1308_1371,0.5000134690772253
2018_1308_1372,0.5000114936125664
2018_1308_1382,0.500014090726943
2018_1308_1393,0.500013853908003
2018_1308_1395,0.5000041443314548
2018_1308_1397,0.5000127956233643
2018_1308_1400,0.500013853908003
2018_1308_1401,0.5000040407231685
2018_1308_1403,0.5000121221695033
2018_1308_1411,0.500020916684625
2018_1308_1417,0.5000038483077796
2018_1308_1420,0.5000013469077228
2018_1308_1422,0.500008288662909
2018_1308_1437,0.5000179587696303
2018_1308_1438,0.5000107752617812
2018_1308_1439,0.5000237055759045
2018_1308_1452,0.5000026938154457
2018_1308_1455,0.5000209518978989
2018_1308_1460,0.5000046179693354
2018_1308_1462,0.500008288662909
2018_1314_1326,0.49999210395796545
2018_1314_1328,0.5000066920046858
2018_1314_1335,0.49999675481881983
2018_1314_1344,0.5000053658186204
2018_1314_1345,0.499994590556838
2018_1314_1347,0.5000127768583961
2018_1314_1348,0.5000029976292177
2018_1314_1355,0.5000054348908113
2018_1314_1361,0.5000037080860386
2018_1314_1371,0.5000072307677748
2018_1314_1372,0.5000052553031149
2018_1314_1382,0.5000078524174929
2018_1314_1393,0.5000076155985527
2018_1314_1395,0.4999979060220018
2018_1314_1397,0.5000065573139135
2018_1314_1400,0.5000076155985527
2018_1314_1401,0.4999978024137154
2018_1314_1403,0.5000058838600522
2018_1314_1411,0.5000146783751799
2018_1314_1417,0.4999976099983264
2018_1314_1420,0.49999510859826984
2018_1314_1422,0.5000020503534566
2018_1314_1437,0.5000117204601827
2018_1314_1438,0.5000045369523295
2018_1314_1439,0.5000174672664619
2018_1314_1452,0.49999645550599264
2018_1314_1455,0.5000147135884536
2018_1314_1460,0.49999837965988225
2018_1314_1462,0.5000020503534566
2018_1326_1328,0.5000145880467172
2018_1326_1335,0.5000046508608549
2018_1326_1344,0.5000132618606526
2018_1326_1345,0.5000024865988729
2018_1326_1347,0.5000206729004223
2018_1326_1348,0.5000108936712512
2018_1326_1355,0.5000133309328435
2018_1326_1361,0.5000116041280718
2018_1326_1371,0.5000151268098059
2018_1326_1372,0.5000131513451472
2018_1326_1382,0.5000157484595236
2018_1326_1393,0.5000155116405834
2018_1326_1395,0.5000058020640367
2018_1326_1397,0.5000144533559451
2018_1326_1400,0.5000155116405834
2018_1326_1401,0.5000056984557503
2018_1326_1403,0.5000137799020842
2018_1326_1411,0.5000225744172039
2018_1326_1417,0.5000055060403613
2018_1326_1420,0.5000030046403048
2018_1326_1422,0.5000099463954906
2018_1326_1437,0.5000196165022099
2018_1326_1438,0.5000124329943623
2018_1326_1439,0.5000253633084825
2018_1326_1452,0.5000043515480276
2018_1326_1455,0.5000226096304776
2018_1326_1460,0.5000062757019171
2018_1326_1462,0.5000099463954906
2018_1328_1335,0.49999006281413483
2018_1328_1344,0.4999986738139344
2018_1328_1345,0.49998789855215386
2018_1328_1347,0.5000060848537123
2018_1328_1348,0.4999963056245316
2018_1328_1355,0.49999874288612534
2018_1328_1361,0.4999970160813525
2018_1328_1371,0.5000005387630891
2018_1328_1372,0.49999856329842896
2018_1328_1382,0.5000011604128074
2018_1328_1393,0.5000009235938672
2018_1328_1395,0.4999912140173165
2018_1328_1397,0.4999998653092278
2018_1328_1400,0.5000009235938672
2018_1328_1401,0.4999911104090301
2018_1328_1403,0.49999919185536623
2018_1328_1411,0.5000079863704971
2018_1328_1417,0.4999909179936412
2018_1328_1420,0.49998841659358556
2018_1328_1422,0.4999953583487707
2018_1328_1437,0.5000050284554985
2018_1328_1438,0.4999978449476434
2018_1328_1439,0.5000107752617812
2018_1328_1452,0.4999897635013077
2018_1328_1455,0.5000080215837709
2018_1328_1460,0.49999168765519686
2018_1328_1462,0.4999953583487707
2018_1335_1344,0.5000086109998
2018_1335_1345,0.499997835738018
2018_1335_1347,0.5000160220395736
2018_1335_1348,0.5000062428103977
2018_1335_1355,0.5000086800719908
2018_1335_1361,0.5000069532672184
2018_1335_1371,0.500010475948954
2018_1335_1372,0.5000085004842945
2018_1335_1382,0.500011097598672
2018_1335_1393,0.5000108607797318
2018_1335_1395,0.5000011512031819
2018_1335_1397,0.5000098024950929
2018_1335_1400,0.5000108607797318
2018_1335_1401,0.5000010475948955
2018_1335_1403,0.5000091290412317
2018_1335_1411,0.5000179235563565
2018_1335_1417,0.5000008551795065
2018_1335_1420,0.4999983537794499
2018_1335_1422,0.5000052955346367
2018_1335_1437,0.5000149656413606
2018_1335_1438,0.5000077821335092
2018_1335_1439,0.5000207124476373
2018_1335_1452,0.4999997006871727
2018_1335_1455,0.5000179587696303
2018_1335_1460,0.5000016248410625
2018_1335_1462,0.5000052955346367
2018_1344_1345,0.4999892247382189
2018_1344_1347,0.5000074110397776
2018_1344_1348,0.4999976318105972
2018_1344_1355,0.5000000690721909
2018_1344_1361,0.499998342267418
2018_1344_1371,0.5000018649491547
2018_1344_1372,0.4999998894844946
2018_1344_1382,0.5000024865988729
2018_1344_1393,0.5000022497799327
2018_1344_1395,0.49999254020338163
2018_1344_1397,0.5000011914952933
2018_1344_1400,0.5000022497799327
2018_1344_1401,0.4999924365950953
2018_1344_1403,0.5000005180414319
2018_1344_1411,0.5000093125565623
2018_1344_1417,0.4999922441797064
2018_1344_1420,0.49998974277965047
2018_1344_1422,0.49999668453483614
2018_1344_1437,0.500006354641564
2018_1344_1438,0.4999991711337091
2018_1344_1439,0.500012101447846
2018_1344_1452,0.49999108968737277
2018_1344_1455,0.5000093477698362
2018_1344_1460,0.4999930138412621
2018_1344_1462,0.49999668453483614
2018_1345_1347,0.500018186301553
2018_1345_1348,0.5000084070723793
2018_1345_1355,0.500010844333972
2018_1345_1361,0.5000091175291999
2018_1345_1371,0.5000126402109349
2018_1345_1372,0.5000106647462758
2018_1345_1382,0.5000132618606526
2018_1345_1393,0.5000130250417125
2018_1345_1395,0.500003315465164
2018_1345_1397,0.5000119667570738
2018_1345_1400,0.5000130250417125
2018_1345_1401,0.5000032118568776
2018_1345_1403,0.5000112933032128
2018_1345_1411,0.5000200878183355
2018_1345_1417,0.5000030194414886
2018_1345_1420,0.5000005180414319
2018_1345_1422,0.5000074597966183
2018_1345_1437,0.5000171299033404
2018_1345_1438,0.5000099463954906
2018_1345_1439,0.5000228767096153
2018_1345_1452,0.5000018649491547
2018_1345_1455,0.5000201230316093
2018_1345_1460,0.5000037891030444
2018_1345_1462,0.5000074597966183
2018_1347_1348,0.49999022077082017
2018_1347_1355,0.4999926580324131
2018_1347_1361,0.49999093122764077
2018_1347_1371,0.4999944539093767
2018_1347_1372,0.49999247844471684
2018_1347_1382,0.4999950755590949
2018_1347_1393,0.49999483874015466
2018_1347_1395,0.4999851291636073
2018_1347_1397,0.49999378045551535
2018_1347_1400,0.49999483874015466
2018_1347_1401,0.49998502555532104
2018_1347_1403,0.49999310700165406
2018_1347_1411,0.5000019015167853
2018_1347_1417,0.4999848331399322
2018_1347_1420,0.49998233173987816
2018_1347_1422,0.49998927349505945
2018_1347_1437,0.49999894360178593
2018_1347_1438,0.4999917600939315
2018_1347_1439,0.50000469040807
2018_1347_1452,0.4999836786475995
2018_1347_1455,0.500001936730059
2018_1347_1460,0.4999856028014875
2018_1347_1462,0.49998927349505945
2018_1348_1355,0.5000024372615937
2018_1348_1361,0.5000007104568208
2018_1348_1371,0.5000042331385575
2018_1348_1372,0.5000022576738974
2018_1348_1382,0.5000048547882756
2018_1348_1393,0.5000046179693354
2018_1348_1395,0.4999949083927842
2018_1348_1397,0.500003559684696
2018_1348_1400,0.5000046179693354
2018_1348_1401,0.4999948047844978
2018_1348_1403,0.5000028862308347
2018_1348_1411,0.5000116807459641
2018_1348_1417,0.4999946123691088
2018_1348_1420,0.49999211096905255
2018_1348_1422,0.49999905272423895
2018_1348_1437,0.5000087228309662
2018_1348_1438,0.5000015393231119
2018_1348_1439,0.5000144696372472
2018_1348_1452,0.49999345787677507
2018_1348_1455,0.5000117159592379
2018_1348_1460,0.4999953820306646
2018_1348_1462,0.49999905272423895
2018_1355_1361,0.4999982731952271
2018_1355_1371,0.5000017958769638
2018_1355_1372,0.4999998204123036
2018_1355_1382,0.500002417526682
2018_1355_1393,0.5000021807077417
2018_1355_1395,0.49999247113119083
2018_1355_1397,0.5000011224231024
2018_1355_1400,0.5000021807077417
2018_1355_1401,0.4999923675229045
2018_1355_1403,0.5000004489692409
2018_1355_1411,0.5000092434843715
2018_1355_1417,0.4999921751075156
2018_1355_1420,0.49998967370745956
2018_1355_1422,0.4999966154626452
2018_1355_1437,0.500006285569373
2018_1355_1438,0.4999991020615181
2018_1355_1439,0.5000120323756552
2018_1355_1452,0.499991020615182
2018_1355_1455,0.5000092786976452
2018_1355_1460,0.49999294476907125
2018_1355_1462,0.4999966154626452
2018_1361_1371,0.5000035226817366
2018_1361_1372,0.5000015472170765
2018_1361_1382,0.5000041443314548
2018_1361_1393,0.5000039075125146
2018_1361_1395,0.49999419793596334
2018_1361_1397,0.5000028492278752
2018_1361_1400,0.5000039075125146
2018_1361_1401,0.49999409432767694
2018_1361_1403,0.5000021757740138
2018_1361_1411,0.5000109702891437
2018_1361_1417,0.49999390191228804
2018_1361_1420,0.4999914005122318
2018_1361_1422,0.499998342267418
2018_1361_1437,0.5000080123741455
2018_1361_1438,0.5000008288662909
2018_1361_1439,0.5000137591804269
2018_1361_1452,0.4999927474199543
2018_1361_1455,0.5000110055024174
2018_1361_1460,0.49999467157384386
2018_1361_1462,0.499998342267418
2018_1371_1372,0.4999980245353398
2018_1371_1382,0.5000006216497183
2018_1371_1393,0.5000003848307779
2018_1371_1395,0.49999067525422747
2018_1371_1397,0.4999993265461386
2018_1371_1400,0.5000003848307779
2018_1371_1401,0.49999057164594113
2018_1371_1403,0.4999986530922772
2018_1371_1411,0.5000074476074081
2018_1371_1417,0.4999903792305523
2018_1371_1420,0.4999878778304967
2018_1371_1422,0.4999948195856816
2018_1371_1437,0.5000044896924094
2018_1371_1438,0.49999730618455424
2018_1371_1439,0.5000102364986923
2018_1371_1452,0.4999892247382189
2018_1371_1455,0.500007482820682
2018_1371_1460,0.49999114889210794
2018_1371_1462,0.4999948195856816
2018_1372_1382,0.5000025971143784
2018_1372_1393,0.5000023602954381
2018_1372_1395,0.4999926507188871
2018_1372_1397,0.5000013020107988
2018_1372_1400,0.5000023602954381
2018_1372_1401,0.4999925471106007
2018_1372_1403,0.5000006285569373
2018_1372_1411,0.5000094230720679
2018_1372_1417,0.49999235469521186
2018_1372_1420,0.4999898532951559
2018_1372_1422,0.4999967950503416
2018_1372_1437,0.5000064651570694
2018_1372_1438,0.4999992816492145
2018_1372_1439,0.5000122119633514
2018_1372_1452,0.49999120020287824
2018_1372_1455,0.5000094582853416
2018_1372_1460,0.49999312435676757
2018_1372_1462,0.4999967950503416
2018_1382_1393,0.4999997631810598
2018_1382_1395,0.49999005360450943
2018_1382_1397,0.49999870489642034
2018_1382_1400,0.4999997631810598
2018_1382_1401,0.49998994999622315
2018_1382_1403,0.49999803144255894
2018_1382_1411,0.5000068259576901
2018_1382_1417,0.4999897575808343
2018_1382_1420,0.4999872561807788
2018_1382_1422,0.49999419793596334
2018_1382_1437,0.5000038680426911
2018_1382_1438,0.49999668453483614
2018_1382_1439,0.5000096148489742
2018_1382_1452,0.4999886030885009
2018_1382_1455,0.5000068611709638
2018_1382_1460,0.4999905272423898
2018_1382_1462,0.49999419793596334
2018_1393_1395,0.49999029042344967
2018_1393_1397,0.4999989417153607
2018_1393_1400,0.5
2018_1393_1401,0.49999018681516333
2018_1393_1403,0.4999982682614992
2018_1393_1411,0.5000070627766303
2018_1393_1417,0.4999899943997743
2018_1393_1420,0.499987492999719
2018_1393_1422,0.4999944347549036
2018_1393_1437,0.5000041048616315
2018_1393_1438,0.4999969213537763
2018_1393_1439,0.5000098516679145
2018_1393_1452,0.4999888399074411
2018_1393_1455,0.5000070979899041
2018_1393_1460,0.49999076406133003
2018_1393_1462,0.4999944347549036
2018_1395_1397,0.5000086512919113
2018_1395_1400,0.5000097095765503
2018_1395_1401,0.49999989639171366
2018_1395_1403,0.5000079778380501
2018_1395_1411,0.500016772353176
2018_1395_1417,0.4999997039763247
2018_1395_1420,0.499997202576268
2018_1395_1422,0.5000041443314548
2018_1395_1437,0.5000138144381796
2018_1395_1438,0.5000066309303275
2018_1395_1439,0.5000195612444573
2018_1395_1452,0.49999854948399075
2018_1395_1455,0.5000168075664498
2018_1395_1460,0.5000004736378806
2018_1395_1462,0.5000041443314548
2018_1397_1400,0.5000010582846394
2018_1397_1401,0.4999912450998024
2018_1397_1403,0.4999993265461386
2018_1397_1411,0.5000081210612695
2018_1397_1417,0.4999910526844134
2018_1397_1420,0.4999885512843577
2018_1397_1422,0.49999549303954294
2018_1397_1437,0.5000051631462707
2018_1397_1438,0.4999979796384158
2018_1397_1439,0.5000109099525534
2018_1397_1452,0.49998989819208006
2018_1397_1455,0.5000081562745432
2018_1397_1460,0.49999182234596906
2018_1397_1462,0.49999549303954294
2018_1400_1401,0.49999018681516333
2018_1400_1403,0.4999982682614992
2018_1400_1411,0.5000070627766303
2018_1400_1417,0.4999899943997743
2018_1400_1420,0.499987492999719
2018_1400_1422,0.4999944347549036
2018_1400_1437,0.5000041048616315
2018_1400_1438,0.4999969213537763
2018_1400_1439,0.5000098516679145
2018_1400_1452,0.4999888399074411
2018_1400_1455,0.5000070979899041
2018_1400_1460,0.49999076406133003
2018_1400_1462,0.4999944347549036
2018_1401_1403,0.5000080814463363
2018_1401_1411,0.5000168759614623
2018_1401_1417,0.49999980758461104
2018_1401_1420,0.49999730618455424
2018_1401_1422,0.5000042479397412
2018_1401_1437,0.5000139180464659
2018_1401_1438,0.5000067345386139
2018_1401_1439,0.5000196648527435
2018_1401_1452,0.4999986530922772
2018_1401_1455,0.5000169111747361
2018_1401_1460,0.500000577246167
2018_1401_1462,0.5000042479397412
2018_1403_1411,0.5000087945151307
2018_1403_1417,0.49999172613827475
2018_1403_1420,0.4999892247382189
2018_1403_1422,0.4999961664934042
2018_1403_1437,0.5000058366001321
2018_1403_1438,0.4999986530922772
2018_1403_1439,0.5000115834064144
2018_1403_1452,0.49999057164594113
2018_1403_1455,0.5000088297284044
2018_1403_1460,0.49999249579983035
2018_1403_1462,0.4999961664934042
2018_1411_1417,0.49998293162314894
2018_1411_1420,0.49998043022309563
2018_1411_1422,0.4999873719782753
2018_1411_1437,0.4999970420850008
2018_1411_1438,0.499989858577147
2018_1411_1439,0.5000027888912849
2018_1411_1452,0.49998177713081643
2018_1411_1455,0.5000000352132737
2018_1411_1460,0.49998370128470404
2018_1411_1462,0.4999873719782753
2018_1417_1420,0.4999974985999432
2018_1417_1422,0.5000044403551301
2018_1417_1437,0.5000141104618547
2018_1417_1438,0.5000069269540027
2018_1417_1439,0.5000198572681323
2018_1417_1452,0.4999988455076661
2018_1417_1455,0.5000171035901249
2018_1417_1460,0.5000007696615559
2018_1417_1462,0.5000044403551301
2018_1420_1422,0.5000069417551866
2018_1420_1437,0.500016611861909
2018_1420_1438,0.5000094283540588
2018_1420_1439,0.5000223586681845
2018_1420_1452,0.5000013469077228
2018_1420_1455,0.5000196049901782
2018_1420_1460,0.5000032710616126
2018_1420_1462,0.5000069417551866
2018_1422_1437,0.5000096701067269
2018_1422_1438,0.5000024865988729
2018_1422_1439,0.5000154169130074
2018_1422_1452,0.49999440515253607
2018_1422_1455,0.5000126632349985
2018_1422_1460,0.49999632930642574
2018_1422_1462,0.5
2018_1437_1438,0.4999928164921453
2018_1437_1439,0.500005746806284
2018_1437_1452,0.4999847350458124
2018_1437_1455,0.500002993128273
2018_1437_1460,0.4999866591997006
2018_1437_1462,0.499990329893273
2018_1438_1439,0.5000129303141365
2018_1438_1452,0.4999919185536636
2018_1438_1455,0.5000101766361268
2018_1438_1460,0.499993842707553
2018_1438_1462,0.499997513401127
2018_1439_1452,0.49997898823953585
2018_1439_1455,0.4999972463219889
2018_1439_1460,0.4999809123934226
2018_1439_1462,0.49998458308699245
2018_1452_1455,0.5000182580824573
2018_1452_1460,0.5000019241538898
2018_1452_1462,0.5000055948474639
2018_1455_1460,0.49998366607143024
2018_1455_1462,0.49998733676500157
2018_1460_1462,0.5000036706935743
